"","Akkadian","Albanian","Arabic","Aramaic","Arawak","Armenian","Austronesian","Avestan","Basque","Berber","Breton","Bulgarian","Carib","Catalan","Celtic","Cherokee","Chinese","Church Slavonic","Coptic","Cornish","Cree","Croatian","Czech","Danish","Delaware","Dravidian","Dutch","Egyptian","Estonian","Fang","Finnish","Flemish","Fon","French","Frisian","Ga","Gaelic","Georgian","German","Germanic","Gothic","Greek","Haitian","Hawaiian","Hebrew","Hindi","Hittite","Hungarian","Icelandic","Indic","Indo-European","Iranian","Irish","Italian","Japanese","Korean","Kru","Lao","Latin","Latvian","Lithuanian","Low German","Macedonian","Malay","Malayalam","Manchu","Mandar","Manx","Maori","Mari","Middle Dutch","Middle English","Middle French","Middle High German","Middle Irish","Modern Greek","Mongo","Mongolian","Nahuatl","Neapolitan","North American Indian","Norwegian","Occitan","Ojibwa","Old Church Slavonic","Old English","Old French","Old High German","Old Irish","Old Norse","Old Persian","Old Provençal","Ossetian","Pali","Persian","Phoenician","Polish","Portuguese","Provençal","Romance","Romanian","Russian","Sanskrit","Scots","Semitic","Slavic","Slovak","Slovenian","Somali","Spanish","Swedish","Syriac","Tai","Tamil","Telugu","Thai","Tibetan","Turkish","Twi","Vai","Walloon","Welsh","Yiddish"
"Akkadian",2,0,1,0,0,0,0,0,0,0,0,0,0,0,0,0,0,0,0,0,0,0,0,0,0,0,0,0,0,0,0,0,0,1,0,0,0,0,0,0,0,1,0,0,1,0,0,0,0,0,0,0,0,0,0,0,0,0,1,0,0,0,0,0,0,0,0,0,0,0,0,0,0,0,0,0,0,0,0,0,0,0,0,0,0,1,1,0,0,0,0,0,0,0,0,0,0,0,0,0,0,0,0,0,1,0,0,0,0,0,0,0,0,0,0,0,0,0,0,0,0,0,0
"Albanian",0,15,1,0,0,2,0,2,0,0,0,0,1,0,2,0,1,4,0,0,0,1,1,1,0,0,10,0,0,0,0,0,0,7,4,2,2,1,12,10,6,11,0,0,2,0,1,1,0,0,2,0,4,4,0,0,1,0,12,2,7,0,0,0,0,0,0,0,0,0,4,6,0,0,0,0,0,0,0,0,0,0,0,0,4,11,5,9,4,6,1,0,0,0,2,0,3,0,0,1,0,7,6,0,1,2,0,0,0,3,2,0,0,0,0,0,0,0,0,0,0,4,0
"Arabic",1,1,25,0,0,1,0,0,0,1,1,1,0,4,0,0,1,3,0,0,0,0,0,1,0,0,4,1,0,0,1,0,0,21,3,4,2,1,8,4,1,8,0,0,4,0,1,1,0,0,3,0,5,12,0,0,0,0,16,0,2,0,0,1,0,0,1,0,0,0,0,4,0,0,0,0,0,0,0,0,0,0,1,0,3,5,12,3,3,3,0,0,0,0,3,0,3,2,4,0,0,8,1,0,4,2,0,0,0,15,0,0,0,0,0,0,0,2,0,0,0,4,0
"Aramaic",0,0,0,4,0,0,0,0,0,0,0,0,0,0,0,0,0,0,0,0,0,1,0,0,0,0,1,0,0,0,0,0,0,4,0,0,0,0,2,0,0,3,0,0,2,0,0,1,0,0,0,1,1,3,0,0,0,0,3,0,1,0,0,0,0,0,0,0,0,0,0,0,0,0,0,0,0,0,0,0,0,0,0,0,0,2,2,1,0,0,1,0,0,0,1,0,1,0,0,0,0,1,0,0,2,0,0,0,0,2,1,0,0,0,0,0,0,1,0,0,0,1,0
"Arawak",0,0,0,0,1,0,0,0,0,0,1,0,1,0,0,0,0,0,0,0,0,0,0,0,0,0,0,0,0,0,0,0,0,1,0,0,0,0,1,0,0,0,1,0,0,0,0,0,0,0,0,0,0,0,0,0,0,0,0,0,0,0,0,0,0,0,0,0,0,0,0,0,0,0,0,0,0,0,0,0,0,0,0,0,0,0,0,0,0,0,0,0,0,0,0,0,0,1,0,0,0,0,0,0,0,0,0,0,0,1,0,0,1,0,0,0,0,0,0,0,0,0,0
"Armenian",0,2,1,0,0,26,0,4,0,0,2,0,0,0,2,0,0,9,0,0,0,0,0,5,0,0,14,0,0,0,0,0,0,9,11,1,1,2,16,15,8,17,0,0,2,0,5,0,0,0,4,0,10,1,1,0,0,0,19,0,13,0,0,0,0,0,0,0,0,0,7,12,0,0,1,0,0,0,0,0,0,0,0,0,9,20,8,12,8,12,0,0,0,0,2,0,2,0,0,0,0,5,14,0,2,1,0,0,0,2,5,0,0,0,0,0,0,0,0,0,0,8,0
"Austronesian",0,0,0,0,0,0,1,0,0,0,0,0,0,0,0,0,0,0,0,0,0,0,0,0,0,0,0,0,0,0,0,0,0,0,0,0,0,0,0,0,0,0,0,0,0,0,0,0,0,0,0,0,0,0,0,0,0,0,0,0,0,0,0,1,0,0,0,0,0,0,0,0,0,0,0,0,0,0,0,0,0,0,0,0,0,0,0,0,0,0,0,0,0,0,0,0,0,0,0,0,0,0,0,0,0,0,0,0,0,0,0,0,0,0,0,0,0,0,0,0,0,0,0
"Avestan",0,2,0,0,0,4,0,54,0,0,3,0,0,0,2,0,0,31,0,0,0,0,0,15,1,0,40,0,0,0,0,1,0,18,36,2,0,0,47,45,32,38,0,0,0,0,4,0,0,0,6,1,26,4,1,1,0,0,40,0,30,4,0,0,0,0,0,0,0,0,21,19,0,0,4,0,0,0,0,0,0,0,0,0,31,47,7,37,20,42,4,0,0,0,7,0,6,0,0,0,0,15,41,0,0,2,0,0,0,5,12,0,0,0,0,0,0,0,0,0,0,18,0
"Basque",0,0,0,0,0,0,0,0,2,0,1,0,0,0,1,0,0,1,0,0,0,0,0,0,0,0,1,0,0,0,0,0,0,1,1,1,1,0,2,2,1,0,0,0,0,0,0,0,1,0,0,0,1,0,0,0,0,0,1,0,1,0,0,0,0,0,0,0,0,0,1,1,0,0,0,0,0,0,0,0,0,0,0,0,1,2,1,1,0,2,0,0,0,0,0,0,1,0,0,0,0,1,0,0,0,1,0,0,0,0,0,0,0,0,0,0,0,0,0,0,0,1,0
"Berber",0,0,1,0,0,0,0,0,0,1,1,1,0,0,0,0,0,1,0,0,0,0,0,0,0,0,1,0,0,0,1,0,0,1,1,1,1,0,1,1,0,1,0,0,0,0,0,0,0,0,1,0,1,1,0,0,0,0,1,0,1,0,0,0,0,0,0,0,0,0,0,0,0,0,0,0,0,0,0,0,0,0,0,0,1,1,0,1,1,1,0,0,0,0,0,0,1,0,0,0,0,1,0,0,0,1,0,0,0,1,0,0,0,0,0,0,0,0,0,0,0,1,0
"Breton",0,0,1,0,1,2,0,3,1,1,31,1,1,0,7,0,0,7,0,2,0,0,0,3,1,0,12,0,0,0,1,2,0,16,8,6,3,0,19,17,8,10,1,0,1,0,2,0,1,0,3,0,18,3,1,0,0,0,19,0,6,2,0,0,0,0,0,1,0,0,9,8,0,1,2,0,0,0,0,0,0,0,0,0,7,19,9,15,13,13,0,0,0,0,1,0,2,2,0,0,0,3,7,0,0,1,0,0,0,5,1,0,1,0,0,0,0,0,0,0,0,19,0
"Bulgarian",0,0,1,0,0,0,0,0,0,1,1,1,0,0,0,0,0,1,0,0,0,0,0,0,0,0,1,0,0,0,1,0,0,1,1,1,1,0,1,1,0,1,0,0,0,0,0,0,0,0,1,0,1,1,0,0,0,0,1,0,1,0,0,0,0,0,0,0,0,0,0,0,0,0,0,0,0,0,0,0,0,0,0,0,1,1,0,1,1,1,0,0,0,0,0,0,1,0,0,0,0,1,0,0,0,1,0,0,0,1,0,0,0,0,0,0,0,0,0,0,0,1,0
"Carib",0,1,0,0,1,0,0,0,0,0,1,0,3,0,0,0,0,0,0,0,0,0,0,0,0,0,1,0,0,0,0,0,0,1,0,0,0,0,2,1,0,2,1,0,0,0,0,0,0,0,0,0,0,0,0,0,0,0,2,0,0,0,0,0,0,0,0,0,0,0,1,1,0,0,0,0,0,0,0,0,0,0,0,0,0,2,0,1,0,1,0,0,0,0,0,0,0,1,0,0,0,1,0,0,0,1,0,0,0,1,0,0,1,0,0,0,0,0,0,0,0,0,0
"Catalan",0,0,4,0,0,0,0,0,0,0,0,0,0,12,0,0,0,1,0,0,0,0,0,2,0,0,3,0,0,0,0,0,0,12,0,3,0,0,6,4,1,2,0,0,0,0,0,0,1,0,2,0,0,12,1,0,0,0,10,0,1,0,0,0,0,0,0,0,0,0,1,3,0,0,0,0,0,0,0,0,0,1,1,0,1,2,10,1,0,1,0,0,0,0,1,0,0,4,5,0,0,1,0,0,0,0,0,0,0,10,2,0,0,0,0,0,0,0,0,0,0,0,0
"Celtic",0,2,0,0,0,2,0,2,1,0,7,0,0,0,64,0,0,5,1,5,0,1,0,12,0,0,23,1,0,0,0,0,0,37,14,19,8,0,36,28,12,14,0,0,2,0,0,1,0,0,4,0,25,14,1,0,0,0,35,1,5,2,0,0,0,0,0,1,0,0,15,23,0,6,3,0,0,0,0,0,0,1,0,0,5,34,31,20,15,26,0,2,0,0,1,0,3,2,3,2,0,3,5,0,0,4,0,0,0,12,7,0,0,0,0,0,0,0,0,0,0,18,0
"Cherokee",0,0,0,0,0,0,0,0,0,0,0,0,0,0,0,1,0,0,0,0,0,0,0,0,0,0,0,0,0,0,0,0,0,0,0,0,0,0,0,0,0,0,0,0,0,0,0,0,0,0,0,0,0,0,0,0,0,0,0,0,0,0,0,0,0,0,0,0,0,0,0,0,0,0,0,0,0,0,0,0,0,0,0,0,0,0,0,0,0,0,0,0,0,0,0,0,0,0,0,0,0,0,0,0,0,0,0,0,0,0,0,0,0,0,0,0,0,0,0,0,0,0,0
"Chinese",0,1,1,0,0,0,0,0,0,0,0,0,0,0,0,0,12,3,0,0,0,0,0,0,0,0,4,0,0,0,0,0,0,6,2,0,0,0,7,5,2,7,0,0,0,0,0,0,0,0,2,0,0,2,1,1,0,0,5,0,3,0,0,1,0,1,1,0,0,0,2,4,0,0,0,0,1,1,1,0,0,0,0,0,3,8,5,4,0,4,2,0,0,0,3,0,0,1,0,0,0,3,1,0,0,1,0,0,0,2,0,0,0,0,0,0,0,1,0,0,0,0,0
"Church Slavonic",0,4,3,0,0,9,0,31,1,1,7,1,0,1,5,0,3,169,0,1,0,3,2,39,1,0,120,1,1,0,7,1,0,45,93,5,3,1,156,148,81,91,0,0,3,0,10,1,4,0,22,2,59,14,1,2,1,0,113,0,109,18,0,0,0,1,0,0,0,0,66,73,0,3,9,0,1,1,1,0,0,2,0,0,169,158,23,123,44,117,10,0,1,0,15,0,13,1,0,0,0,55,75,0,2,21,1,0,0,17,27,0,0,0,0,0,0,0,0,0,0,35,0
"Coptic",0,0,0,0,0,0,0,0,0,0,0,0,0,0,1,0,0,0,3,0,0,0,0,0,0,0,1,2,0,0,0,0,0,3,0,0,0,0,1,0,0,2,0,0,1,0,0,0,0,0,0,0,0,1,0,0,0,0,3,0,0,0,0,0,0,0,0,0,0,0,0,0,0,0,0,0,0,0,0,0,0,0,0,0,0,2,2,0,0,0,0,1,0,0,0,1,1,0,1,0,0,1,0,0,0,0,0,0,0,2,1,0,0,0,0,0,0,0,0,0,0,0,0
"Cornish",0,0,0,0,0,0,0,0,0,0,2,0,0,0,5,0,0,1,0,5,0,0,0,0,0,0,1,0,0,0,0,0,0,3,1,1,0,0,1,1,1,0,0,0,0,0,0,0,0,0,0,0,3,1,0,0,0,0,2,0,1,0,0,0,0,0,0,0,0,0,1,2,0,0,0,0,0,0,0,0,0,0,0,0,1,2,2,1,2,1,0,0,0,0,0,0,1,0,0,0,0,1,0,0,0,1,0,0,0,0,0,0,0,0,0,0,0,0,0,0,0,3,0
"Cree",0,0,0,0,0,0,0,0,0,0,0,0,0,0,0,0,0,0,0,0,4,0,0,0,0,0,0,0,0,0,0,0,0,2,0,0,0,0,0,0,0,2,0,0,0,0,0,0,0,0,0,0,0,0,0,0,0,0,2,0,0,0,0,0,0,0,0,0,0,0,0,1,0,0,0,0,0,0,0,0,0,0,0,0,0,0,1,0,0,0,0,0,0,0,0,0,0,0,0,0,0,0,0,0,0,0,0,0,1,0,0,0,0,0,0,0,0,0,0,0,0,0,0
"Croatian",0,1,0,1,0,0,0,0,0,0,0,0,0,0,1,0,0,3,0,0,0,8,1,2,0,0,4,0,0,0,0,0,0,5,1,1,1,0,6,4,2,7,0,0,0,0,0,2,0,0,1,1,2,3,0,0,0,0,8,1,3,0,0,0,0,0,0,0,0,0,1,1,0,0,0,0,0,0,0,0,0,0,0,0,3,7,3,1,0,2,1,0,0,0,1,0,4,0,0,0,0,4,2,0,0,4,0,0,0,4,1,0,0,0,0,0,0,1,0,0,0,3,0
"Czech",0,1,0,0,0,0,0,0,0,0,0,0,0,0,0,0,0,2,0,0,0,1,7,0,0,0,4,0,0,0,0,0,0,2,3,0,0,0,5,5,4,5,0,0,0,0,0,0,0,0,1,0,2,0,0,0,0,0,4,2,4,0,0,0,0,0,0,0,0,0,0,2,0,1,0,0,0,0,0,0,0,0,0,0,2,5,2,3,1,4,0,0,0,0,0,0,2,0,0,0,0,5,1,0,0,2,0,0,0,0,0,0,0,0,0,0,0,0,0,0,0,2,0
"Danish",0,1,1,0,0,5,0,15,0,0,3,0,0,2,12,0,0,39,0,0,0,2,0,366,0,0,249,0,0,0,4,1,0,75,158,13,3,0,333,271,93,64,0,0,3,1,7,3,6,0,27,3,37,37,2,2,0,0,103,1,43,37,0,0,0,0,0,0,1,0,132,140,0,18,2,1,0,0,0,0,0,21,0,0,39,296,43,193,27,223,3,1,1,0,8,0,12,4,1,2,0,19,46,2,1,12,0,1,0,32,159,0,0,0,0,0,0,1,0,0,0,24,2
"Delaware",0,0,0,0,0,0,0,1,0,0,1,0,0,0,0,0,0,1,0,0,0,0,0,0,2,0,1,0,0,0,0,0,0,0,2,0,0,0,2,2,1,1,0,0,0,0,0,0,0,0,0,0,1,0,0,0,0,0,1,0,1,1,0,0,0,0,0,0,0,0,0,0,0,0,0,0,0,0,0,0,0,0,0,0,1,2,0,2,1,1,0,0,0,0,0,0,0,0,0,0,0,0,1,0,0,0,0,0,0,0,0,0,0,0,0,0,0,0,0,0,0,0,0
"Dravidian",0,0,0,0,0,0,0,0,0,0,0,0,0,0,0,0,0,0,0,0,0,0,0,0,0,2,0,0,0,0,0,0,0,1,0,0,0,0,1,0,0,1,0,0,0,1,0,0,0,0,0,0,0,0,0,0,0,0,1,0,0,0,0,1,1,0,0,0,0,0,0,0,0,1,0,0,0,0,0,0,0,0,0,0,0,0,1,0,0,0,0,0,0,0,0,0,0,1,0,0,0,0,1,0,0,0,0,0,0,0,0,0,0,1,1,0,0,0,0,0,0,0,0
"Dutch",0,10,4,1,0,14,0,40,1,1,12,1,1,3,23,0,4,120,1,1,0,4,4,249,1,0,1167,2,0,1,15,13,0,222,572,36,6,2,1119,895,340,169,0,0,10,0,17,5,8,0,46,5,104,87,2,2,2,1,307,1,121,155,0,1,0,1,1,0,0,3,648,420,0,49,12,0,1,1,0,0,1,19,0,1,120,996,126,659,72,631,15,2,1,0,29,0,25,14,7,3,0,66,104,3,2,27,1,1,0,80,181,0,0,0,0,0,0,4,2,0,1,68,3
"Egyptian",0,0,1,0,0,0,0,0,0,0,0,0,0,0,1,0,0,1,2,0,0,0,0,0,0,0,2,11,0,0,0,0,0,10,1,1,0,0,4,2,1,7,0,0,1,0,0,0,0,0,0,0,0,2,0,0,0,0,10,0,0,1,0,0,0,0,0,0,0,0,1,4,0,0,0,0,0,0,0,0,0,0,0,0,1,4,7,2,0,0,0,1,0,0,0,1,0,2,2,0,0,0,0,0,1,1,0,0,0,4,0,0,0,0,0,0,0,0,0,0,0,0,0
"Estonian",0,0,0,0,0,0,0,0,0,0,0,0,0,0,0,0,0,1,0,0,0,0,0,0,0,0,0,0,1,0,1,0,0,0,1,0,0,0,1,1,1,0,0,0,0,0,0,0,0,0,0,0,0,0,0,0,0,0,0,0,1,0,0,0,0,0,0,0,0,0,0,0,0,0,0,0,0,0,0,0,0,0,0,0,1,1,0,1,0,1,0,0,0,0,0,0,0,0,0,0,0,0,0,0,0,0,0,0,0,0,1,0,0,0,0,0,0,0,0,0,0,0,0
"Fang",0,0,0,0,0,0,0,0,0,0,0,0,0,0,0,0,0,0,0,0,0,0,0,0,0,0,1,0,0,1,0,0,0,0,1,0,0,0,1,1,1,0,0,0,0,0,0,0,0,0,0,0,0,0,0,0,0,0,1,0,0,0,0,0,0,0,0,0,0,0,1,1,0,0,0,0,0,0,0,0,0,0,0,0,0,1,0,0,0,1,0,0,0,0,0,0,0,0,0,0,0,0,0,0,0,0,0,0,0,0,0,0,0,0,0,0,0,0,0,0,0,0,0
"Finnish",0,0,1,0,0,0,0,0,0,1,1,1,0,0,0,0,0,7,0,0,0,0,0,4,0,0,15,0,1,0,16,0,0,4,12,2,1,0,16,16,6,5,0,0,0,0,0,1,0,0,4,2,2,2,0,0,0,0,6,0,4,2,0,0,0,0,0,0,0,0,10,7,0,2,0,0,0,0,0,0,0,0,0,0,7,16,0,14,2,12,0,0,0,0,0,0,1,0,0,1,0,4,1,0,1,3,0,0,0,3,7,0,0,0,0,0,0,0,0,0,0,3,0
"Flemish",0,0,0,0,0,0,0,1,0,0,2,0,0,0,0,0,0,1,0,0,0,0,0,1,0,0,13,0,0,0,0,17,0,6,4,2,0,0,16,11,1,2,0,0,1,0,0,0,0,0,1,0,1,2,0,0,0,0,3,0,0,4,0,0,0,0,0,0,0,0,10,8,0,1,0,0,0,0,0,0,0,1,0,0,1,9,2,5,0,7,0,0,0,0,0,0,1,0,0,0,0,0,2,0,0,0,0,0,0,0,2,0,0,0,0,0,0,0,1,0,1,0,0
"Fon",0,0,0,0,0,0,0,0,0,0,0,0,0,0,0,0,0,0,0,0,0,0,0,0,0,0,0,0,0,0,0,0,1,0,0,0,0,0,0,0,0,0,0,0,0,0,0,0,0,0,0,0,0,0,0,0,0,0,0,0,0,0,0,0,0,0,0,0,0,0,0,1,0,0,0,0,0,0,0,0,0,0,0,0,0,0,0,0,0,0,0,0,0,0,0,0,0,0,0,0,0,0,0,0,0,0,0,0,0,0,0,0,0,0,0,0,0,0,0,0,0,0,0
"French",1,7,21,4,1,9,0,18,1,1,16,1,1,12,37,0,6,45,3,3,2,5,2,75,0,1,222,10,0,0,4,6,0,2298,83,72,10,1,460,346,69,249,1,1,29,0,10,4,5,0,40,3,61,294,3,0,0,0,1729,3,57,36,0,1,0,1,1,0,0,8,115,360,2,23,12,1,1,1,0,1,2,5,1,0,45,421,1868,192,33,166,5,19,0,1,15,2,16,43,40,14,1,31,60,2,12,14,0,0,0,240,58,1,1,0,0,0,1,7,0,1,3,51,0
"Frisian",0,4,3,0,0,11,0,36,1,1,8,1,0,0,14,0,2,93,0,1,0,1,3,158,2,0,572,1,1,1,12,4,0,83,714,22,3,2,701,634,324,134,0,0,6,0,16,3,7,0,41,4,80,29,2,2,1,1,180,1,91,58,0,0,0,0,0,0,1,2,324,290,0,19,9,0,0,0,0,0,1,10,0,1,93,685,34,504,57,488,12,0,0,0,19,0,15,2,0,3,1,43,88,3,2,22,1,1,0,28,109,0,0,0,0,0,0,1,0,0,0,40,2
"Ga",0,2,4,0,0,1,0,2,1,1,6,1,0,3,19,0,0,5,0,1,0,1,0,13,0,0,36,1,0,0,2,2,0,72,22,118,21,1,57,49,19,17,0,0,3,1,1,1,1,0,4,0,27,23,2,0,0,0,62,0,7,6,0,0,0,0,0,0,0,0,18,29,0,3,2,0,0,0,0,0,0,1,0,0,5,54,57,35,18,40,0,1,0,0,0,0,3,3,3,3,0,3,4,0,1,2,0,0,0,22,11,0,0,0,0,0,0,0,0,0,1,20,0
"Gaelic",0,2,2,0,0,1,0,0,1,1,3,1,0,0,8,0,0,3,0,0,0,1,0,3,0,0,6,0,0,0,1,0,0,10,3,21,21,1,12,10,2,5,0,0,1,0,1,1,1,0,2,0,13,5,0,0,0,0,6,0,3,1,0,0,0,0,0,0,0,0,2,4,0,0,1,0,0,0,0,0,0,0,0,0,3,12,7,8,6,11,0,0,0,0,0,0,3,0,0,0,0,3,0,0,1,1,0,0,0,6,2,0,0,0,0,0,0,0,0,0,0,10,0
"Georgian",0,1,1,0,0,2,0,0,0,0,0,0,0,0,0,0,0,1,0,0,0,0,0,0,0,0,2,0,0,0,0,0,0,1,2,1,1,3,2,1,0,2,0,0,2,0,2,0,1,0,2,0,1,0,0,0,0,0,2,0,1,1,0,0,0,0,0,0,0,0,1,0,0,0,0,0,0,0,0,0,0,0,0,0,1,2,1,1,1,1,0,0,0,0,0,0,1,0,0,0,0,1,0,0,2,0,0,0,0,0,0,0,0,0,0,0,0,0,0,0,0,1,0
"German",0,12,8,2,1,16,0,47,2,1,19,1,2,6,36,0,7,156,1,1,0,6,5,333,2,1,1119,4,1,1,16,16,0,460,701,57,12,2,1867,1455,480,251,1,0,17,1,19,6,13,0,62,6,140,152,5,3,2,1,504,4,166,204,0,1,0,1,1,0,1,3,625,648,1,88,18,2,1,1,1,0,2,31,1,1,156,1513,312,960,93,922,17,6,1,0,32,0,32,23,16,10,1,88,148,5,4,36,1,1,0,130,256,0,1,0,0,0,0,4,3,0,1,85,5
"Germanic",0,10,4,0,0,15,0,45,2,1,17,1,1,4,28,0,5,148,0,1,0,4,5,271,2,0,895,2,1,1,16,11,0,346,634,49,10,1,1455,1455,450,206,0,0,13,1,19,4,12,0,58,5,123,107,3,2,2,1,397,3,153,140,0,0,0,1,0,0,0,3,538,555,1,57,16,2,1,1,0,0,2,16,1,1,148,1267,236,837,83,841,12,3,1,0,24,0,27,10,11,10,0,72,135,4,2,35,1,1,0,90,209,0,0,0,0,0,0,2,1,0,1,75,3
"Gothic",0,6,1,0,0,8,0,32,1,0,8,0,0,1,12,0,2,81,0,1,0,2,4,93,1,0,340,1,1,1,6,1,0,69,324,19,2,0,480,450,495,109,0,0,7,1,14,4,4,0,30,3,63,25,2,0,0,0,159,2,80,28,0,0,0,0,0,0,0,1,183,211,0,13,6,1,0,0,0,0,0,2,0,0,81,485,36,360,49,369,11,0,0,0,18,0,9,1,1,2,0,37,83,1,1,18,1,0,0,22,76,0,0,0,0,0,0,1,0,0,0,39,1
"Greek",1,11,8,3,0,17,0,38,0,1,10,1,2,2,14,0,7,91,2,0,2,7,5,64,1,1,169,7,0,0,5,2,0,249,134,17,5,2,251,206,109,491,0,0,28,0,13,6,4,0,47,5,87,65,2,2,2,0,397,2,94,24,1,1,0,1,1,0,0,1,89,152,2,8,11,2,1,1,1,0,0,4,0,0,91,288,191,167,56,159,15,2,0,0,28,1,18,10,4,3,0,49,112,1,12,22,1,0,0,62,51,1,0,0,0,0,0,6,0,0,1,52,0
"Haitian",0,0,0,0,1,0,0,0,0,0,1,0,1,0,0,0,0,0,0,0,0,0,0,0,0,0,0,0,0,0,0,0,0,1,0,0,0,0,1,0,0,0,1,0,0,0,0,0,0,0,0,0,0,0,0,0,0,0,0,0,0,0,0,0,0,0,0,0,0,0,0,0,0,0,0,0,0,0,0,0,0,0,0,0,0,0,0,0,0,0,0,0,0,0,0,0,0,1,0,0,0,0,0,0,0,0,0,0,0,1,0,0,1,0,0,0,0,0,0,0,0,0,0
"Hawaiian",0,0,0,0,0,0,0,0,0,0,0,0,0,0,0,0,0,0,0,0,0,0,0,0,0,0,0,0,0,0,0,0,0,1,0,0,0,0,0,0,0,0,0,1,0,0,0,0,0,0,0,0,0,0,0,0,0,0,1,0,0,0,0,0,0,0,0,0,0,0,0,0,0,0,0,0,0,0,0,0,0,0,0,0,0,0,1,0,0,0,0,0,0,0,0,0,0,0,0,0,0,0,0,0,0,0,0,0,0,0,0,0,0,0,0,0,0,0,0,0,0,0,0
"Hebrew",1,2,4,2,0,2,0,0,0,0,1,0,0,0,2,0,0,3,1,0,0,0,0,3,0,0,10,1,0,0,0,1,0,29,6,3,1,2,17,13,7,28,0,0,46,0,2,0,0,0,5,0,3,11,0,0,0,0,38,0,3,3,0,0,0,0,0,0,0,0,5,15,0,0,0,0,0,0,0,0,0,0,0,0,3,21,27,9,2,7,0,0,0,0,1,1,2,2,1,1,0,3,4,0,9,0,0,0,0,11,2,1,0,0,0,0,0,1,0,0,0,1,0
"Hindi",0,0,0,0,0,0,0,0,0,0,0,0,0,0,0,0,0,0,0,0,0,0,0,1,0,1,0,0,0,0,0,0,0,0,0,1,0,0,1,1,1,0,0,0,0,3,0,0,0,0,1,0,0,0,0,0,0,0,1,0,0,0,0,1,1,0,0,0,0,0,0,1,0,1,0,0,0,0,0,0,0,0,0,0,0,1,0,1,0,1,0,0,0,0,0,0,0,1,0,0,0,0,2,0,0,0,0,0,0,0,0,0,0,1,1,0,0,0,0,0,0,0,0
"Hittite",0,1,1,0,0,5,0,4,0,0,2,0,0,0,0,0,0,10,0,0,0,0,0,7,0,0,17,0,0,0,0,0,0,10,16,1,1,2,19,19,14,13,0,0,2,0,29,0,0,0,3,0,13,1,0,0,0,0,26,0,14,0,0,0,0,0,0,0,0,0,11,12,0,1,2,0,0,0,0,0,0,1,0,0,10,23,8,15,10,17,3,0,0,0,4,0,1,0,1,0,0,4,17,0,2,1,0,0,0,0,5,0,0,0,0,0,0,0,0,0,0,8,0
"Hungarian",0,1,1,1,0,0,0,0,0,0,0,0,0,0,1,0,0,1,0,0,0,2,0,3,0,0,5,0,0,0,1,0,0,4,3,1,1,0,6,4,4,6,0,0,0,0,0,6,0,0,2,2,2,5,0,0,0,0,4,0,2,0,0,0,0,0,0,0,0,0,1,3,0,0,0,0,0,0,0,0,0,0,0,0,1,5,2,3,0,3,1,0,0,0,2,0,3,2,0,0,0,3,1,0,1,3,0,0,0,5,1,0,0,0,0,0,0,2,0,0,0,2,0
"Icelandic",0,0,0,0,0,0,0,0,1,0,1,0,0,1,0,0,0,4,0,0,0,0,0,6,0,0,8,0,0,0,0,0,0,5,7,1,1,1,13,12,4,4,0,0,0,0,0,0,16,0,2,0,3,2,0,0,0,0,5,0,2,2,0,0,0,0,0,0,0,0,6,4,0,0,0,1,0,0,0,0,0,3,0,0,4,12,3,7,1,12,0,0,1,0,1,0,0,1,0,1,0,2,4,0,0,0,0,0,0,3,6,0,0,0,0,0,0,0,0,0,0,2,0
"Indic",0,0,0,0,0,0,0,0,0,0,0,0,0,0,0,0,0,0,0,0,0,0,0,0,0,0,0,0,0,0,0,0,0,0,0,0,0,0,0,0,0,0,0,0,0,0,0,0,0,1,0,0,0,0,0,0,0,0,0,0,0,0,0,0,0,0,0,0,0,0,0,0,0,0,0,0,0,0,0,0,0,0,0,0,0,0,0,0,0,0,0,0,0,0,0,0,0,0,0,0,0,0,0,0,0,0,0,0,0,0,0,0,0,0,0,0,0,0,0,0,0,0,0
"Indo-European",0,2,3,0,0,4,0,6,0,1,3,1,0,2,4,0,2,22,0,0,0,1,1,27,0,0,46,0,0,0,4,1,0,40,41,4,2,2,62,58,30,47,0,0,5,1,3,2,2,0,77,4,15,17,0,1,0,0,55,0,19,5,0,0,0,0,0,0,0,0,23,34,0,2,0,1,0,0,1,0,0,1,1,0,22,63,27,39,8,46,3,1,0,0,4,0,8,4,2,1,1,14,18,1,4,7,0,0,0,18,19,0,0,0,0,0,0,1,0,0,0,10,0
"Iranian",0,0,0,1,0,0,0,1,0,0,0,0,0,0,0,0,0,2,0,0,0,1,0,3,0,0,5,0,0,0,2,0,0,3,4,0,0,0,6,5,3,5,0,0,0,0,0,2,0,0,4,7,2,1,0,0,0,0,5,0,2,0,0,0,0,0,0,0,0,0,3,3,0,0,0,0,0,0,0,0,0,0,0,0,2,6,1,4,0,5,1,0,0,0,2,0,2,0,0,0,0,2,1,0,1,1,0,0,0,2,2,0,0,0,0,0,0,1,0,0,0,1,0
"Irish",0,4,5,1,0,10,0,26,1,1,18,1,0,0,25,0,0,59,0,3,0,2,2,37,1,0,104,0,0,0,2,1,0,61,80,27,13,1,140,123,63,87,0,0,3,0,13,2,3,0,15,2,184,20,1,0,1,0,119,1,65,12,0,0,0,0,0,1,0,1,61,69,0,4,28,0,0,0,0,0,0,0,0,0,59,143,37,110,114,107,7,0,0,0,13,0,14,4,1,0,0,29,62,0,1,9,1,0,0,20,29,0,0,0,0,0,0,1,0,0,0,83,0
"Italian",0,4,12,3,0,1,0,4,0,1,3,1,0,12,14,0,2,14,1,1,0,3,0,37,0,0,87,2,0,0,2,2,0,294,29,23,5,0,152,107,25,65,0,0,11,0,1,5,2,0,17,1,20,320,1,0,0,0,244,1,17,16,0,0,0,1,0,0,0,0,38,67,1,9,2,1,1,1,0,0,1,1,1,0,14,113,209,70,9,50,3,9,0,1,7,0,10,38,27,6,1,13,13,0,4,9,0,0,0,202,25,0,0,0,0,0,0,4,0,0,0,13,0
"Japanese",0,0,0,0,0,1,0,1,0,0,1,0,0,1,1,0,1,1,0,0,0,0,0,2,0,0,2,0,0,0,0,0,0,3,2,2,0,0,5,3,2,2,0,0,0,0,0,0,0,0,0,0,1,1,7,0,0,0,4,0,1,0,0,0,0,0,0,0,0,0,0,2,0,1,0,0,0,0,0,0,0,0,0,0,1,5,2,3,1,4,0,0,0,0,1,0,0,1,0,0,0,0,1,0,0,0,0,0,0,1,1,0,0,0,0,0,0,0,0,0,0,1,0
"Korean",0,0,0,0,0,0,0,1,0,0,0,0,0,0,0,0,1,2,0,0,0,0,0,2,0,0,2,0,0,0,0,0,0,0,2,0,0,0,3,2,0,2,0,0,0,0,0,0,0,0,1,0,0,0,0,3,0,0,1,0,0,0,0,0,0,0,0,0,0,0,2,2,0,0,0,0,0,0,1,0,0,0,0,0,2,3,0,2,0,2,1,0,0,0,1,0,1,0,0,0,0,2,1,0,0,1,0,0,0,0,1,0,0,0,0,0,0,0,0,0,0,1,0
"Kru",0,1,0,0,0,0,0,0,0,0,0,0,0,0,0,0,0,1,0,0,0,0,0,0,0,0,2,0,0,0,0,0,0,0,1,0,0,0,2,2,0,2,0,0,0,0,0,0,0,0,0,0,1,0,0,0,3,0,0,0,0,1,0,0,0,0,0,0,0,0,2,2,0,0,1,0,0,0,0,0,0,0,0,0,1,2,0,1,0,1,0,0,0,0,0,0,0,0,0,0,0,0,0,0,0,0,0,0,0,0,0,0,0,0,0,0,0,0,0,0,0,0,0
"Lao",0,0,0,0,0,0,0,0,0,0,0,0,0,0,0,0,0,0,0,0,0,0,0,0,0,0,1,0,0,0,0,0,0,0,1,0,0,0,1,1,0,0,0,0,0,0,0,0,0,0,0,0,0,0,0,0,0,1,0,0,0,0,0,0,0,0,0,0,0,0,0,0,0,0,0,0,0,0,0,0,0,0,0,0,0,1,0,0,0,1,0,0,0,0,0,0,0,0,0,0,0,0,0,0,0,0,0,0,0,0,0,0,0,0,0,0,0,0,0,0,0,0,1
"Latin",1,12,16,3,0,19,0,40,1,1,19,1,2,10,35,0,5,113,3,2,2,8,4,103,1,1,307,10,0,1,6,3,0,1729,180,62,6,2,504,397,159,397,0,1,38,1,26,4,5,0,55,5,119,244,4,1,0,0,2352,5,123,38,1,0,0,1,0,0,0,8,166,407,2,25,19,1,1,1,0,0,2,5,1,0,113,587,1457,283,74,251,12,14,1,1,27,2,24,38,32,13,1,65,139,1,14,30,1,1,0,207,77,1,0,0,0,0,1,6,0,1,2,86,0
"Latvian",0,2,0,0,0,0,0,0,0,0,0,0,0,0,1,0,0,0,0,0,0,1,2,1,0,0,1,0,0,0,0,0,0,3,1,0,0,0,4,3,2,2,0,0,0,0,0,0,0,0,0,0,1,1,0,0,0,0,5,6,3,1,0,0,0,0,0,0,0,0,0,1,0,2,0,0,0,0,0,0,0,0,0,0,0,4,3,3,1,2,0,0,0,0,0,0,0,0,0,2,0,4,2,0,0,2,0,0,0,0,1,0,0,0,0,0,0,0,0,0,0,0,0
"Lithuanian",0,7,2,1,0,13,0,30,1,1,6,1,0,1,5,0,3,109,0,1,0,3,4,43,1,0,121,0,1,0,4,0,0,57,91,7,3,1,166,153,80,94,0,0,3,0,14,2,2,0,19,2,65,17,1,0,0,0,123,3,190,19,0,0,0,1,0,0,0,0,66,75,0,7,9,0,1,1,0,0,0,2,0,0,109,167,35,126,45,119,11,0,1,0,18,0,18,3,0,1,0,47,80,0,1,15,1,0,0,20,34,0,0,0,0,0,0,1,0,0,0,39,0
"Low German",0,0,0,0,0,0,0,4,0,0,2,0,0,0,2,0,0,18,0,0,0,0,0,37,1,0,155,1,0,0,2,4,0,36,58,6,1,1,204,140,28,24,0,0,3,0,0,0,2,0,5,0,12,16,0,0,1,0,38,1,19,204,0,0,0,0,0,0,1,0,104,68,0,9,1,0,0,0,0,0,0,12,0,0,18,140,19,62,8,66,1,0,0,0,4,0,1,0,0,2,0,5,18,0,0,3,1,0,0,7,31,0,0,0,0,0,0,0,1,0,0,8,1
"Macedonian",0,0,0,0,0,0,0,0,0,0,0,0,0,0,0,0,0,0,0,0,0,0,0,0,0,0,0,0,0,0,0,0,0,0,0,0,0,0,0,0,0,1,0,0,0,0,0,0,0,0,0,0,0,0,0,0,0,0,1,0,0,0,1,0,0,0,0,0,0,0,0,0,0,0,0,0,0,0,0,0,0,0,0,0,0,1,0,0,0,0,0,0,0,0,0,0,0,0,0,0,0,0,0,0,0,0,0,0,0,1,0,0,0,0,0,0,0,0,0,0,0,0,0
"Malay",0,0,1,0,0,0,1,0,0,0,0,0,0,0,0,0,1,0,0,0,0,0,0,0,0,1,1,0,0,0,0,0,0,1,0,0,0,0,1,0,0,1,0,0,0,1,0,0,0,0,0,0,0,0,0,0,0,0,0,0,0,0,0,3,1,0,1,0,0,0,0,0,0,0,0,0,0,0,0,0,0,0,0,0,0,0,0,0,0,0,0,0,0,0,1,0,0,2,0,0,0,1,0,0,0,0,0,0,0,1,0,0,0,1,1,0,0,1,0,0,0,0,0
"Malayalam",0,0,0,0,0,0,0,0,0,0,0,0,0,0,0,0,0,0,0,0,0,0,0,0,0,1,0,0,0,0,0,0,0,0,0,0,0,0,0,0,0,0,0,0,0,1,0,0,0,0,0,0,0,0,0,0,0,0,0,0,0,0,0,1,1,0,0,0,0,0,0,0,0,0,0,0,0,0,0,0,0,0,0,0,0,0,0,0,0,0,0,0,0,0,0,0,0,1,0,0,0,0,0,0,0,0,0,0,0,0,0,0,0,1,1,0,0,0,0,0,0,0,0
"Manchu",0,0,0,0,0,0,0,0,0,0,0,0,0,0,0,0,1,1,0,0,0,0,0,0,0,0,1,0,0,0,0,0,0,1,0,0,0,0,1,1,0,1,0,0,0,0,0,0,0,0,0,0,0,1,0,0,0,0,1,0,1,0,0,0,0,1,0,0,0,0,0,1,0,0,0,0,1,1,0,0,0,0,0,0,1,1,1,0,0,1,0,0,0,0,0,0,0,0,0,0,0,0,0,0,0,1,0,0,0,1,0,0,0,0,0,0,0,0,0,0,0,0,0
"Mandar",0,0,1,0,0,0,0,0,0,0,0,0,0,0,0,0,1,0,0,0,0,0,0,0,0,0,1,0,0,0,0,0,0,1,0,0,0,0,1,0,0,1,0,0,0,0,0,0,0,0,0,0,0,0,0,0,0,0,0,0,0,0,0,1,0,0,1,0,0,0,0,0,0,0,0,0,0,0,0,0,0,0,0,0,0,0,0,0,0,0,0,0,0,0,1,0,0,1,0,0,0,1,0,0,0,0,0,0,0,1,0,0,0,0,0,0,0,1,0,0,0,0,0
"Manx",0,0,0,0,0,0,0,0,0,0,1,0,0,0,1,0,0,0,0,0,0,0,0,0,0,0,0,0,0,0,0,0,0,0,0,0,0,0,0,0,0,0,0,0,0,0,0,0,0,0,0,0,1,0,0,0,0,0,0,0,0,0,0,0,0,0,0,1,0,0,0,0,0,0,0,0,0,0,0,0,0,0,0,0,0,0,0,0,1,0,0,0,0,0,0,0,0,0,0,0,0,0,0,0,0,0,0,0,0,0,0,0,0,0,0,0,0,0,0,0,0,1,0
"Maori",0,0,0,0,0,0,0,0,0,0,0,0,0,0,0,0,0,0,0,0,0,0,0,1,0,0,0,0,0,0,0,0,0,0,1,0,0,0,1,0,0,0,0,0,0,0,0,0,0,0,0,0,0,0,0,0,0,0,0,0,0,1,0,0,0,0,0,0,1,0,0,0,0,0,0,0,0,0,0,0,0,1,0,0,0,0,0,0,0,0,0,0,0,0,0,0,0,0,0,0,0,0,0,0,0,0,0,0,0,0,0,0,0,0,0,0,0,0,0,0,0,0,0
"Mari",0,0,0,0,0,0,0,0,0,0,0,0,0,0,0,0,0,0,0,0,0,0,0,0,0,0,3,0,0,0,0,0,0,8,2,0,0,0,3,3,1,1,0,0,0,0,0,0,0,0,0,0,1,0,0,0,0,0,8,0,0,0,0,0,0,0,0,0,0,9,3,3,1,0,0,0,0,0,0,0,0,0,0,0,0,3,4,3,1,2,0,0,0,0,0,0,1,0,0,0,0,0,1,0,0,0,0,0,0,0,0,0,0,0,0,0,0,0,0,0,0,0,0
"Middle Dutch",0,4,0,0,0,7,0,21,1,0,9,0,1,1,15,0,2,66,0,1,0,1,0,132,0,0,648,1,0,1,10,10,0,115,324,18,2,1,625,538,183,89,0,0,5,0,11,1,6,0,23,3,61,38,0,2,2,0,166,0,66,104,0,0,0,0,0,0,0,3,648,249,0,40,7,0,0,0,0,0,0,13,0,0,66,560,61,403,42,363,4,1,1,0,11,0,13,2,3,2,0,38,63,1,1,20,1,1,0,36,103,0,0,0,0,0,0,1,0,0,1,41,2
"Middle English",0,6,4,0,0,12,0,19,1,0,8,0,1,3,23,0,4,73,0,2,1,1,2,140,0,0,420,4,0,1,7,8,1,360,290,29,4,0,648,555,211,152,0,0,15,1,12,3,4,0,34,3,69,67,2,2,2,0,407,1,75,68,0,0,0,1,0,0,0,3,249,1200,0,34,8,1,1,1,0,0,1,18,0,1,73,790,296,377,49,389,6,3,0,1,15,1,10,9,5,6,0,38,80,3,6,19,1,0,0,57,113,0,0,0,0,0,1,2,1,0,0,35,0
"Middle French",0,0,0,0,0,0,0,0,0,0,0,0,0,0,0,0,0,0,0,0,0,0,0,0,0,0,0,0,0,0,0,0,0,2,0,0,0,0,1,1,0,2,0,0,0,0,0,0,0,0,0,0,0,1,0,0,0,0,2,0,0,0,0,0,0,0,0,0,0,1,0,0,2,0,0,0,0,0,0,0,0,0,0,0,0,0,0,0,0,0,0,0,0,0,0,0,0,0,0,0,0,0,0,0,0,1,0,0,0,1,0,0,0,0,0,0,0,0,0,0,0,0,0
"Middle High German",0,0,0,0,0,0,0,0,0,0,1,0,0,0,6,0,0,3,0,0,0,0,1,18,0,1,49,0,0,0,2,1,0,23,19,3,0,0,88,57,13,8,0,0,0,1,1,0,0,0,2,0,4,9,1,0,0,0,25,2,7,9,0,0,0,0,0,0,0,0,40,34,0,88,0,0,0,0,0,0,0,2,0,0,3,62,19,19,2,34,0,0,0,0,1,0,1,2,2,1,0,5,7,0,0,1,0,0,0,9,15,0,0,0,0,0,0,1,2,0,0,1,0
"Middle Irish",0,0,0,0,0,1,0,4,0,0,2,0,0,0,3,0,0,9,0,0,0,0,0,2,0,0,12,0,0,0,0,0,0,12,9,2,1,0,18,16,6,11,0,0,0,0,2,0,0,0,0,0,28,2,0,0,1,0,19,0,9,1,0,0,0,0,0,0,0,0,7,8,0,0,28,0,0,0,0,0,0,0,0,0,9,18,7,15,4,14,1,0,0,0,1,0,1,1,0,0,0,4,8,0,0,1,0,0,0,2,1,0,0,0,0,0,0,0,0,0,0,12,0
"Modern Greek",0,0,0,0,0,0,0,0,0,0,0,0,0,0,0,0,0,0,0,0,0,0,0,1,0,0,0,0,0,0,0,0,0,1,0,0,0,0,2,2,1,2,0,0,0,0,0,0,1,0,1,0,0,1,0,0,0,0,1,0,0,0,0,0,0,0,0,0,0,0,0,1,0,0,0,2,0,0,0,0,0,0,0,0,0,2,1,1,0,1,0,0,0,0,0,0,0,0,0,1,0,0,0,0,0,0,0,0,0,1,1,0,0,0,0,0,0,0,0,0,0,1,0
"Mongo",0,0,0,0,0,0,0,0,0,0,0,0,0,0,0,0,1,1,0,0,0,0,0,0,0,0,1,0,0,0,0,0,0,1,0,0,0,0,1,1,0,1,0,0,0,0,0,0,0,0,0,0,0,1,0,0,0,0,1,0,1,0,0,0,0,1,0,0,0,0,0,1,0,0,0,0,1,1,0,0,0,0,0,0,1,1,1,0,0,1,0,0,0,0,0,0,0,0,0,0,0,0,0,0,0,1,0,0,0,1,0,0,0,0,0,0,0,0,0,0,0,0,0
"Mongolian",0,0,0,0,0,0,0,0,0,0,0,0,0,0,0,0,1,1,0,0,0,0,0,0,0,0,1,0,0,0,0,0,0,1,0,0,0,0,1,1,0,1,0,0,0,0,0,0,0,0,0,0,0,1,0,0,0,0,1,0,1,0,0,0,0,1,0,0,0,0,0,1,0,0,0,0,1,1,0,0,0,0,0,0,1,1,1,0,0,1,0,0,0,0,0,0,0,0,0,0,0,0,0,0,0,1,0,0,0,1,0,0,0,0,0,0,0,0,0,0,0,0,0
"Nahuatl",0,0,0,0,0,0,0,0,0,0,0,0,0,0,0,0,1,1,0,0,0,0,0,0,0,0,0,0,0,0,0,0,0,0,0,0,0,0,1,0,0,1,0,0,0,0,0,0,0,0,1,0,0,0,0,1,0,0,0,0,0,0,0,0,0,0,0,0,0,0,0,0,0,0,0,0,0,0,1,0,0,0,0,0,1,1,0,0,0,0,1,0,0,0,1,0,0,0,0,0,0,1,0,0,0,0,0,0,0,0,0,0,0,0,0,0,0,0,0,0,0,0,0
"Neapolitan",0,0,0,0,0,0,0,0,0,0,0,0,0,0,0,0,0,0,0,0,0,0,0,0,0,0,0,0,0,0,0,0,0,1,0,0,0,0,0,0,0,0,0,0,0,0,0,0,0,0,0,0,0,0,0,0,0,0,0,0,0,0,0,0,0,0,0,0,0,0,0,0,0,0,0,0,0,0,0,1,0,0,0,0,0,0,0,0,0,0,0,0,0,0,0,0,0,0,0,0,0,0,0,0,0,0,0,0,0,1,0,0,0,0,0,0,0,0,0,0,0,0,0
"North American Indian",0,0,0,0,0,0,0,0,0,0,0,0,0,0,0,0,0,0,0,0,0,0,0,0,0,0,1,0,0,0,0,0,0,2,1,0,0,0,2,2,0,0,0,0,0,0,0,0,0,0,0,0,0,1,0,0,0,0,2,0,0,0,0,0,0,0,0,0,0,0,0,1,0,0,0,0,0,0,0,0,3,0,0,1,0,2,2,1,0,0,0,0,0,0,0,0,0,1,0,0,0,0,0,0,0,0,0,0,0,1,0,0,0,0,0,0,0,0,0,0,0,0,0
"Norwegian",0,0,0,0,0,0,0,0,0,0,0,0,0,1,1,0,0,2,0,0,0,0,0,21,0,0,19,0,0,0,0,1,0,5,10,1,0,0,31,16,2,4,0,0,0,0,1,0,3,0,1,0,0,1,0,0,0,0,5,0,2,12,0,0,0,0,0,0,1,0,13,18,0,2,0,0,0,0,0,0,0,51,0,0,2,23,3,8,0,16,0,0,0,0,0,0,0,0,0,0,0,1,3,0,0,0,0,0,0,1,23,0,0,0,0,0,0,0,0,0,0,0,2
"Occitan",0,0,1,0,0,0,0,0,0,0,0,0,0,1,0,0,0,0,0,0,0,0,0,0,0,0,0,0,0,0,0,0,0,1,0,0,0,0,1,1,0,0,0,0,0,0,0,0,0,0,1,0,0,1,0,0,0,0,1,0,0,0,0,0,0,0,0,0,0,0,0,0,0,0,0,0,0,0,0,0,0,0,1,0,0,0,1,0,0,0,0,0,0,0,0,0,0,0,1,0,0,0,0,0,0,0,0,0,0,0,0,0,0,0,0,0,0,0,0,0,0,0,0
"Ojibwa",0,0,0,0,0,0,0,0,0,0,0,0,0,0,0,0,0,0,0,0,0,0,0,0,0,0,1,0,0,0,0,0,0,0,1,0,0,0,1,1,0,0,0,0,0,0,0,0,0,0,0,0,0,0,0,0,0,0,0,0,0,0,0,0,0,0,0,0,0,0,0,1,0,0,0,0,0,0,0,0,1,0,0,1,0,1,0,0,0,0,0,0,0,0,0,0,0,0,0,0,0,0,0,0,0,0,0,0,0,0,0,0,0,0,0,0,0,0,0,0,0,0,0
"Old Church Slavonic",0,4,3,0,0,9,0,31,1,1,7,1,0,1,5,0,3,169,0,1,0,3,2,39,1,0,120,1,1,0,7,1,0,45,93,5,3,1,156,148,81,91,0,0,3,0,10,1,4,0,22,2,59,14,1,2,1,0,113,0,109,18,0,0,0,1,0,0,0,0,66,73,0,3,9,0,1,1,1,0,0,2,0,0,169,158,23,123,44,117,10,0,1,0,15,0,13,1,0,0,0,55,75,0,2,21,1,0,0,17,27,0,0,0,0,0,0,0,0,0,0,35,0
"Old English",1,11,5,2,0,20,0,47,2,1,19,1,2,2,34,0,8,158,2,2,0,7,5,296,2,0,996,4,1,1,16,9,0,421,685,54,12,2,1513,1267,485,288,0,0,21,1,23,5,12,0,63,6,143,113,5,3,2,1,587,4,167,140,1,0,0,1,0,0,0,3,560,790,0,62,18,2,1,1,1,0,2,23,0,1,158,2337,294,895,94,899,18,3,1,0,32,1,27,11,6,10,1,83,151,4,5,34,1,1,0,104,216,0,0,0,0,0,0,3,2,0,0,91,5
"Old French",1,5,12,2,0,8,0,7,1,0,9,0,0,10,31,0,5,23,2,2,1,3,2,43,0,1,126,7,0,0,0,2,0,1868,34,57,7,1,312,236,36,191,0,1,27,0,8,2,3,0,27,1,37,209,2,0,0,0,1457,3,35,19,0,0,0,1,0,0,0,4,61,296,0,19,7,1,1,1,0,0,2,3,1,0,23,294,1868,110,20,88,3,16,0,1,9,1,8,36,34,12,1,17,42,1,9,7,0,0,0,183,32,1,0,0,0,0,1,3,0,1,1,31,0
"Old High German",0,9,3,1,0,12,0,37,1,1,15,1,1,1,20,0,4,123,0,1,0,1,3,193,2,0,659,2,1,0,14,5,0,192,504,35,8,1,960,837,360,167,0,0,9,1,15,3,7,0,39,4,110,70,3,2,1,0,283,3,126,62,0,0,0,0,0,0,0,3,403,377,0,19,15,1,0,0,0,0,1,8,0,0,123,895,110,960,75,603,12,1,1,0,24,0,20,8,3,5,0,64,108,3,4,28,1,1,0,57,144,0,0,0,0,0,0,2,1,0,0,64,1
"Old Irish",0,4,3,0,0,8,0,20,0,1,13,1,0,0,15,0,0,44,0,2,0,0,1,27,1,0,72,0,0,0,2,0,0,33,57,18,6,1,93,83,49,56,0,0,2,0,10,0,1,0,8,0,114,9,1,0,0,0,74,1,45,8,0,0,0,0,0,1,0,1,42,49,0,2,4,0,0,0,0,0,0,0,0,0,44,94,20,75,114,70,4,0,0,0,9,0,7,2,1,0,0,19,44,0,1,5,1,0,0,10,24,0,0,0,0,0,0,0,0,0,0,54,0
"Old Norse",0,6,3,0,0,12,0,42,2,1,13,1,1,1,26,0,4,117,0,1,0,2,4,223,1,0,631,0,1,1,12,7,0,166,488,40,11,1,922,841,369,159,0,0,7,1,17,3,12,0,46,5,107,50,4,2,1,1,251,2,119,66,0,0,0,1,0,0,0,2,363,389,0,34,14,1,1,1,0,0,0,16,0,0,117,899,88,603,70,1019,12,1,1,0,18,0,19,7,3,4,0,60,108,2,2,27,1,1,0,47,184,0,0,0,0,0,0,2,0,0,0,62,3
"Old Persian",0,1,0,1,0,0,0,4,0,0,0,0,0,0,0,0,2,10,0,0,0,1,0,3,0,0,15,0,0,0,0,0,0,5,12,0,0,0,17,12,11,15,0,0,0,0,3,1,0,0,3,1,7,3,0,1,0,0,12,0,11,1,0,0,0,0,0,0,0,0,4,6,0,0,1,0,0,0,1,0,0,0,0,0,10,18,3,12,4,12,19,0,0,0,19,0,1,0,0,0,0,5,11,0,0,0,0,0,0,3,3,0,0,0,0,0,0,1,0,0,0,3,0
"Old Provençal",0,0,0,0,0,0,0,0,0,0,0,0,0,0,2,0,0,0,1,0,0,0,0,1,0,0,2,1,0,0,0,0,0,19,0,1,0,0,6,3,0,2,0,0,0,0,0,0,0,0,1,0,0,9,0,0,0,0,14,0,0,0,0,0,0,0,0,0,0,0,1,3,0,0,0,0,0,0,0,0,0,0,0,0,0,3,16,1,0,1,0,19,0,0,0,0,0,1,19,0,0,0,0,0,0,0,0,0,0,5,0,0,0,0,0,0,0,0,0,0,0,0,0
"Ossetian",0,0,0,0,0,0,0,0,0,0,0,0,0,0,0,0,0,1,0,0,0,0,0,1,0,0,1,0,0,0,0,0,0,0,0,0,0,0,1,1,0,0,0,0,0,0,0,0,1,0,0,0,0,0,0,0,0,0,1,0,1,0,0,0,0,0,0,0,0,0,1,0,0,0,0,0,0,0,0,0,0,0,0,0,1,1,0,1,0,1,0,0,1,0,0,0,0,0,0,0,0,1,1,0,0,0,0,0,0,0,1,0,0,0,0,0,0,0,0,0,0,0,0
"Pali",0,0,0,0,0,0,0,0,0,0,0,0,0,0,0,0,0,0,0,0,0,0,0,0,0,0,0,0,0,0,0,0,0,1,0,0,0,0,0,0,0,0,0,0,0,0,0,0,0,0,0,0,0,1,0,0,0,0,1,0,0,0,0,0,0,0,0,0,0,0,0,1,0,0,0,0,0,0,0,0,0,0,0,0,0,0,1,0,0,0,0,0,0,1,0,0,0,0,0,0,0,0,0,0,0,0,0,0,0,1,0,0,0,0,0,0,0,0,0,0,0,0,0
"Persian",0,2,3,1,0,2,0,7,0,0,1,0,0,1,1,0,3,15,0,0,0,1,0,8,0,0,29,0,0,0,0,0,0,15,19,0,0,0,32,24,18,28,0,0,1,0,4,2,1,0,4,2,13,7,1,1,0,0,27,0,18,4,0,1,0,0,1,0,0,0,11,15,0,1,1,0,0,0,1,0,0,0,0,0,15,32,9,24,9,18,19,0,0,0,40,0,3,2,1,0,0,10,24,0,1,1,0,0,0,7,8,0,0,0,0,0,0,5,0,0,0,7,0
"Phoenician",0,0,0,0,0,0,0,0,0,0,0,0,0,0,0,0,0,0,1,0,0,0,0,0,0,0,0,1,0,0,0,0,0,2,0,0,0,0,0,0,0,1,0,0,1,0,0,0,0,0,0,0,0,0,0,0,0,0,2,0,0,0,0,0,0,0,0,0,0,0,0,1,0,0,0,0,0,0,0,0,0,0,0,0,0,1,1,0,0,0,0,0,0,0,0,3,0,0,0,0,0,0,0,0,1,0,0,0,0,1,0,0,0,0,0,0,0,0,0,0,0,0,0
"Polish",0,3,3,1,0,2,0,6,1,1,2,1,0,0,3,0,0,13,1,1,0,4,2,12,0,0,25,0,0,0,1,1,0,16,15,3,3,1,32,27,9,18,0,0,2,0,1,3,0,0,8,2,14,10,0,1,0,0,24,0,18,1,0,0,0,0,0,0,0,1,13,10,0,1,1,0,0,0,0,0,0,0,0,0,13,27,8,20,7,19,1,0,0,0,3,0,34,1,0,0,0,22,8,0,1,11,0,0,0,11,7,0,0,0,0,0,0,1,0,0,0,10,0
"Portuguese",0,0,2,0,1,0,0,0,0,0,2,0,1,4,2,0,1,1,0,0,0,0,0,4,0,1,14,2,0,0,0,0,0,43,2,3,0,0,23,10,1,10,1,0,2,1,0,2,1,0,4,0,4,38,1,0,0,0,38,0,3,0,0,2,1,0,1,0,0,0,2,9,0,2,1,0,0,0,0,0,1,0,0,0,1,11,36,8,2,7,0,1,0,0,2,0,1,47,5,1,0,3,2,0,0,2,0,0,0,45,3,0,1,1,1,0,0,2,0,0,0,3,0
"Provençal",0,0,4,0,0,0,0,0,0,0,0,0,0,5,3,0,0,0,1,0,0,0,0,1,0,0,7,2,0,0,0,0,0,40,0,3,0,0,16,11,1,4,0,0,1,0,1,0,0,0,2,0,1,27,0,0,0,0,32,0,0,0,0,0,0,0,0,0,0,0,3,5,0,2,0,0,0,0,0,0,0,0,1,0,0,6,34,3,1,3,0,19,0,0,1,0,0,5,41,0,0,0,1,0,0,0,0,0,0,19,0,0,0,0,0,0,0,1,0,0,0,1,0
"Romance",0,1,0,0,0,0,0,0,0,0,0,0,0,0,2,0,0,0,0,0,0,0,0,2,0,0,3,0,0,0,1,0,0,14,3,3,0,0,10,10,2,3,0,0,1,0,0,0,1,0,1,0,0,6,0,0,0,0,13,2,1,2,0,0,0,0,0,0,0,0,2,6,0,1,0,1,0,0,0,0,0,0,0,0,0,10,12,5,0,4,0,0,0,0,0,0,0,1,0,16,0,1,1,0,0,2,0,0,0,8,2,0,0,0,0,0,0,0,0,0,0,1,0
"Romanian",0,0,0,0,0,0,0,0,0,0,0,0,0,0,0,0,0,0,0,0,0,0,0,0,0,0,0,0,0,0,0,0,0,1,1,0,0,0,1,0,0,0,0,0,0,0,0,0,0,0,1,0,0,1,0,0,0,0,1,0,0,0,0,0,0,0,0,0,0,0,0,0,0,0,0,0,0,0,0,0,0,0,0,0,0,1,1,0,0,0,0,0,0,0,0,0,0,0,0,0,1,1,0,0,0,0,0,0,0,1,1,0,0,0,0,0,0,0,0,0,0,0,0
"Russian",0,7,8,1,0,5,0,15,1,1,3,1,1,1,3,0,3,55,1,1,0,4,5,19,0,0,66,0,0,0,4,0,0,31,43,3,3,1,88,72,37,49,0,0,3,0,4,3,2,0,14,2,29,13,0,2,0,0,65,4,47,5,0,1,0,0,1,0,0,0,38,38,0,5,4,0,0,0,1,0,0,1,0,0,55,83,17,64,19,60,5,0,1,0,10,0,22,3,0,1,1,98,27,0,3,16,1,0,0,16,17,0,0,0,0,0,0,3,0,0,0,21,0
"Sanskrit",0,6,1,0,0,14,0,41,0,0,7,0,0,0,5,0,1,75,0,0,0,2,1,46,1,1,104,0,0,0,1,2,0,60,88,4,0,0,148,135,83,112,0,0,4,2,17,1,4,0,18,1,62,13,1,1,0,0,139,2,80,18,0,0,0,0,0,0,0,1,63,80,0,7,8,0,0,0,0,0,0,3,0,0,75,151,42,108,44,108,11,0,1,0,24,0,8,2,1,1,0,27,189,0,2,10,1,0,0,15,27,0,0,0,0,1,0,2,1,0,0,41,0
"Scots",0,0,0,0,0,0,0,0,0,0,0,0,0,0,0,0,0,0,0,0,0,0,0,2,0,0,3,0,0,0,0,0,0,2,3,0,0,0,5,4,1,1,0,0,0,0,0,0,0,0,1,0,0,0,0,0,0,0,1,0,0,0,0,0,0,0,0,0,0,0,1,3,0,0,0,0,0,0,0,0,0,0,0,0,0,4,1,3,0,2,0,0,0,0,0,0,0,0,0,0,0,0,0,5,0,0,0,0,0,0,2,0,0,0,0,0,0,0,0,0,0,0,0
"Semitic",1,1,4,2,0,2,0,0,0,0,0,0,0,0,0,0,0,2,0,0,0,0,0,1,0,0,2,1,0,0,1,0,0,12,2,1,1,2,4,2,1,12,0,0,9,0,2,1,0,0,4,1,1,4,0,0,0,0,14,0,1,0,0,0,0,0,0,0,0,0,1,6,0,0,0,0,0,0,0,0,0,0,0,0,2,5,9,4,1,2,0,0,0,0,1,1,1,0,0,0,0,3,2,0,16,1,0,0,0,3,0,0,0,0,0,0,0,1,0,0,0,1,0
"Slavic",0,2,2,0,0,1,0,2,1,1,1,1,1,0,4,0,1,21,0,1,0,4,2,12,0,0,27,1,0,0,3,0,0,14,22,2,1,0,36,35,18,22,0,0,0,0,1,3,0,0,7,1,9,9,0,1,0,0,30,2,15,3,0,0,0,1,0,0,0,0,20,19,1,1,1,0,1,1,0,0,0,0,0,0,21,34,7,28,5,27,0,0,0,0,1,0,11,2,0,2,0,16,10,0,1,38,0,0,0,10,5,0,0,0,0,0,0,1,0,0,0,4,0
"Slovak",0,0,0,0,0,0,0,0,0,0,0,0,0,0,0,0,0,1,0,0,0,0,0,0,0,0,1,0,0,0,0,0,0,0,1,0,0,0,1,1,1,1,0,0,0,0,0,0,0,0,0,0,1,0,0,0,0,0,1,0,1,1,0,0,0,0,0,0,0,0,1,1,0,0,0,0,0,0,0,0,0,0,0,0,1,1,0,1,1,1,0,0,0,0,0,0,0,0,0,0,0,1,1,0,0,0,1,0,0,0,0,0,0,0,0,0,0,0,0,0,0,1,0
"Slovenian",0,0,0,0,0,0,0,0,0,0,0,0,0,0,0,0,0,0,0,0,0,0,0,1,0,0,1,0,0,0,0,0,0,0,1,0,0,0,1,1,0,0,0,0,0,0,0,0,0,0,0,0,0,0,0,0,0,0,1,0,0,0,0,0,0,0,0,0,0,0,1,0,0,0,0,0,0,0,0,0,0,0,0,0,0,1,0,1,0,1,0,0,0,0,0,0,0,0,0,0,0,0,0,0,0,0,0,1,0,0,0,0,0,0,0,0,0,0,0,0,0,0,0
"Somali",0,0,0,0,0,0,0,0,0,0,0,0,0,0,0,0,0,0,0,0,1,0,0,0,0,0,0,0,0,0,0,0,0,0,0,0,0,0,0,0,0,0,0,0,0,0,0,0,0,0,0,0,0,0,0,0,0,0,0,0,0,0,0,0,0,0,0,0,0,0,0,0,0,0,0,0,0,0,0,0,0,0,0,0,0,0,0,0,0,0,0,0,0,0,0,0,0,0,0,0,0,0,0,0,0,0,0,0,1,0,0,0,0,0,0,0,0,0,0,0,0,0,0
"Spanish",0,3,15,2,1,2,0,5,0,1,5,1,1,10,12,0,2,17,2,0,0,4,0,32,0,0,80,4,0,0,3,0,0,240,28,22,6,0,130,90,22,62,1,0,11,0,0,5,3,0,18,2,20,202,1,0,0,0,207,0,20,7,1,1,0,1,1,0,0,0,36,57,1,9,2,1,1,1,0,1,1,1,0,0,17,104,183,57,10,47,3,5,0,1,7,1,11,45,19,8,1,16,15,0,3,10,0,0,0,258,21,0,1,0,0,0,0,3,0,0,0,19,0
"Swedish",0,2,0,1,0,5,0,12,0,0,1,0,0,2,7,0,0,27,1,0,0,1,0,159,0,0,181,0,1,0,7,2,0,58,109,11,2,0,256,209,76,51,0,0,2,0,5,1,6,0,19,2,29,25,1,1,0,0,77,1,34,31,0,0,0,0,0,0,0,0,103,113,0,15,1,1,0,0,0,0,0,23,0,0,27,216,32,144,24,184,3,0,1,0,8,0,7,3,0,2,1,17,27,2,0,5,0,0,0,21,285,0,0,0,0,0,0,2,0,0,0,25,1
"Syriac",0,0,0,0,0,0,0,0,0,0,0,0,0,0,0,0,0,0,0,0,0,0,0,0,0,0,0,0,0,0,0,0,0,1,0,0,0,0,0,0,0,1,0,0,1,0,0,0,0,0,0,0,0,0,0,0,0,0,1,0,0,0,0,0,0,0,0,0,0,0,0,0,0,0,0,0,0,0,0,0,0,0,0,0,0,0,1,0,0,0,0,0,0,0,0,0,0,0,0,0,0,0,0,0,0,0,0,0,0,0,0,1,0,0,0,0,0,0,0,0,0,0,0
"Tai",0,0,0,0,1,0,0,0,0,0,1,0,1,0,0,0,0,0,0,0,0,0,0,0,0,0,0,0,0,0,0,0,0,1,0,0,0,0,1,0,0,0,1,0,0,0,0,0,0,0,0,0,0,0,0,0,0,0,0,0,0,0,0,0,0,0,0,0,0,0,0,0,0,0,0,0,0,0,0,0,0,0,0,0,0,0,0,0,0,0,0,0,0,0,0,0,0,1,0,0,0,0,0,0,0,0,0,0,0,1,0,0,1,0,0,0,0,0,0,0,0,0,0
"Tamil",0,0,0,0,0,0,0,0,0,0,0,0,0,0,0,0,0,0,0,0,0,0,0,0,0,1,0,0,0,0,0,0,0,0,0,0,0,0,0,0,0,0,0,0,0,1,0,0,0,0,0,0,0,0,0,0,0,0,0,0,0,0,0,1,1,0,0,0,0,0,0,0,0,0,0,0,0,0,0,0,0,0,0,0,0,0,0,0,0,0,0,0,0,0,0,0,0,1,0,0,0,0,0,0,0,0,0,0,0,0,0,0,0,1,1,0,0,0,0,0,0,0,0
"Telugu",0,0,0,0,0,0,0,0,0,0,0,0,0,0,0,0,0,0,0,0,0,0,0,0,0,1,0,0,0,0,0,0,0,0,0,0,0,0,0,0,0,0,0,0,0,1,0,0,0,0,0,0,0,0,0,0,0,0,0,0,0,0,0,1,1,0,0,0,0,0,0,0,0,0,0,0,0,0,0,0,0,0,0,0,0,0,0,0,0,0,0,0,0,0,0,0,0,1,0,0,0,0,0,0,0,0,0,0,0,0,0,0,0,1,1,0,0,0,0,0,0,0,0
"Thai",0,0,0,0,0,0,0,0,0,0,0,0,0,0,0,0,0,0,0,0,0,0,0,0,0,0,0,0,0,0,0,0,0,0,0,0,0,0,0,0,0,0,0,0,0,0,0,0,0,0,0,0,0,0,0,0,0,0,0,0,0,0,0,0,0,0,0,0,0,0,0,0,0,0,0,0,0,0,0,0,0,0,0,0,0,0,0,0,0,0,0,0,0,0,0,0,0,0,0,0,0,0,1,0,0,0,0,0,0,0,0,0,0,0,0,1,0,0,0,0,0,0,0
"Tibetan",0,0,0,0,0,0,0,0,0,0,0,0,0,0,0,0,0,0,0,0,0,0,0,0,0,0,0,0,0,0,0,0,0,1,0,0,0,0,0,0,0,0,0,0,0,0,0,0,0,0,0,0,0,0,0,0,0,0,1,0,0,0,0,0,0,0,0,0,0,0,0,1,0,0,0,0,0,0,0,0,0,0,0,0,0,0,1,0,0,0,0,0,0,0,0,0,0,0,0,0,0,0,0,0,0,0,0,0,0,0,0,0,0,0,0,0,1,0,0,0,0,0,0
"Turkish",0,0,2,1,0,0,0,0,0,0,0,0,0,0,0,0,1,0,0,0,0,1,0,1,0,0,4,0,0,0,0,0,0,7,1,0,0,0,4,2,1,6,0,0,1,0,0,2,0,0,1,1,1,4,0,0,0,0,6,0,1,0,0,1,0,0,1,0,0,0,1,2,0,1,0,0,0,0,0,0,0,0,0,0,0,3,3,2,0,2,1,0,0,0,5,0,1,2,1,0,0,3,2,0,1,1,0,0,0,3,2,0,0,0,0,0,0,8,0,0,0,1,0
"Twi",0,0,0,0,0,0,0,0,0,0,0,0,0,0,0,0,0,0,0,0,0,0,0,0,0,0,2,0,0,0,0,1,0,0,0,0,0,0,3,1,0,0,0,0,0,0,0,0,0,0,0,0,0,0,0,0,0,0,0,0,0,1,0,0,0,0,0,0,0,0,0,1,0,2,0,0,0,0,0,0,0,0,0,0,0,2,0,1,0,0,0,0,0,0,0,0,0,0,0,0,0,0,1,0,0,0,0,0,0,0,0,0,0,0,0,0,0,0,5,0,0,0,0
"Vai",0,0,0,0,0,0,0,0,0,0,0,0,0,0,0,0,0,0,0,0,0,0,0,0,0,0,0,0,0,0,0,0,0,1,0,0,0,0,0,0,0,0,0,0,0,0,0,0,0,0,0,0,0,0,0,0,0,0,1,0,0,0,0,0,0,0,0,0,0,0,0,0,0,0,0,0,0,0,0,0,0,0,0,0,0,0,1,0,0,0,0,0,0,0,0,0,0,0,0,0,0,0,0,0,0,0,0,0,0,0,0,0,0,0,0,0,0,0,0,1,0,0,0
"Walloon",0,0,0,0,0,0,0,0,0,0,0,0,0,0,0,0,0,0,0,0,0,0,0,0,0,0,1,0,0,0,0,1,0,3,0,1,0,0,1,1,0,1,0,0,0,0,0,0,0,0,0,0,0,0,0,0,0,0,2,0,0,0,0,0,0,0,0,0,0,0,1,0,0,0,0,0,0,0,0,0,0,0,0,0,0,0,1,0,0,0,0,0,0,0,0,0,0,0,0,0,0,0,0,0,0,0,0,0,0,0,0,0,0,0,0,0,0,0,0,0,3,0,0
"Welsh",0,4,4,1,0,8,0,18,1,1,19,1,0,0,18,0,0,35,0,3,0,3,2,24,0,0,68,0,0,0,3,0,0,51,40,20,10,1,85,75,39,52,0,0,1,0,8,2,2,0,10,1,83,13,1,1,0,0,86,0,39,8,0,0,0,0,0,1,0,0,41,35,0,1,12,1,0,0,0,0,0,0,0,0,35,91,31,64,54,62,3,0,0,0,7,0,10,3,1,1,0,21,41,0,1,4,1,0,0,19,25,0,0,0,0,0,0,1,0,0,0,118,0
"Yiddish",0,0,0,0,0,0,0,0,0,0,0,0,0,0,0,0,0,0,0,0,0,0,0,2,0,0,3,0,0,0,0,0,0,0,2,0,0,0,5,3,1,0,0,0,0,0,0,0,0,0,0,0,0,0,0,0,0,1,0,0,0,1,0,0,0,0,0,0,0,0,2,0,0,0,0,0,0,0,0,0,0,2,0,0,0,5,0,1,0,3,0,0,0,0,0,0,0,0,0,0,0,0,0,0,0,0,0,0,0,0,1,0,0,0,0,0,0,0,0,0,0,0,6
